ascii,unicode,collection,pairs,reserved,premium,status,notes,nope,beachfront,emoji,tier
xn--gi8hva,üçëüçÜ,mature,üçëüí¶,,"black, brown, camera, cuck, cuckold, fuck, interracial, ir, m4m, m4w, macaroni, mfm, mfw, mix, porn, sex, tryst, vid, video, w4m, w4w, wfm, wfw, white, xxx",,,,TRUE,TRUE,DEFAULT
xn--ri8hkv,üçëüí¶,mature,üçëüçÜ,,"black, brown, camera, cuck, cuckold, fuck, interracial, ir, m4m, m4w, macaroni, mfm, mfw, mix, porn, sex, tryst, vid, video, w4m, w4w, wfm, wfw, white, xxx",,,,TRUE,TRUE,DEFAULT
xn--co8hfc,üê∑üêî,"food, nature","ü•ìü•ö, ü•ìüç≥",,"breakfast, delish, eat, farm, meal, menu, sandwich, table, ü•¢, üç¥, üçΩ",,,,TRUE,TRUE,DEFAULT
xn--pn8h7e,üëèüèæ,culture,,,"exactly, fact, facts, fax, folx",,,,TRUE,TRUE,LEGENDARY
xn--cr8h,üëΩ,cosmic,,xfiles,"aircraft, alien, aliens, area, area51, earth, earthling, et, extra, file, files, ftw, greet, greetings, holy, holyshit, issa, its, omg, roswell, ship, space, spaceship, terra, terran, the, travel, wtf",,,,TRUE,TRUE,LEGENDARY
xn--qj8h57g,ü•ìüç≥,food,"üê∑üêî, ü•ìü•ö",,"breakfast, delish, eat, farm, meal, menu, sandwich, table, ü•¢, üç¥, üçΩ",,,,TRUE,TRUE,DEFAULT
xn--pr9hoa,ü•ìü•ö,food,"üê∑üêî, ü•ìüç≥",,"breakfast, delish, eat, farm, meal, menu, sandwich, table, ü•¢, üç¥, üçΩ",,,,TRUE,TRUE,DEFAULT
acapella,acapella,music,acappella,,"audio, perform, rap, sing",,,,TRUE,,DEFAULT
acappella,acappella,music,acapella,,"audio, perform, rap, sing",,,,TRUE,,COMMON
adults,adults,mature,,,,,,,TRUE,,EPIC
afrobeat,afrobeat,music,,,,,,,TRUE,,DEFAULT
afrohaus,afrohaus,,,,,,,,TRUE,,DEFAULT
airtime,airtime,media,,,"radio, tele, television, tv",,perfect for radio/televised programs or even sports,,TRUE,,COMMON
alladat,alladat,culture,,,,,,,TRUE,,DEFAULT
ani,ani,design,,,,,,,TRUE,,LEGENDARY
antifascist,antifascist,politics,,,,,,,TRUE,,DEFAULT
xn--apritif-cya,ap√©ritif,,,,,,,,TRUE,,DEFAULT
apocalypse,apocalypse,cosmic,,,"issa, itsa, itsthe, holy, now, the",,,,TRUE,,COMMON
architech,architech,"design, development",,,"an, the",,,,TRUE,,DEFAULT
astronautica,astronautica,cosmic,,,,,,,TRUE,,DEFAULT
astronautical,astronautical,cosmic,,,,,,,TRUE,,DEFAULT
await,await,development,,,,,,,TRUE,,COMMON
backend,backend,development,,,"app, cd, ci, code, deploy, edit, init, new, repo, sh, shell",,,,TRUE,,COMMON
bald,bald,generic,baldy,,"aero, aerodynamic, are, be, cool, im, my, sleek, smooth, us, we, weare, were",,,,TRUE,,EPIC
baldy,baldy,generic,bald,,"aero, aerodynamic, are, be, cool, im, my, sleek, smooth, us, we, weare, were",,,,TRUE,,COMMON
ballpoint,ballpoint,write,,,,,,,TRUE,,COMMON
banjo,banjo,music,,,,,,,TRUE,,RARE
baremetal,baremetal,tech,,,"analog, analogue, api, buy, comp, compute, computer, kernel, os, serve, server, shop, system, unikernel",,,,TRUE,,DEFAULT
barnacle,barnacle,nature,,,,,,,TRUE,,COMMON
battlechip,battlechip,mmbn,battlechips,,,,,,TRUE,,DEFAULT
battlechips,battlechips,mmbn,battlechip,,,,,,TRUE,,DEFAULT
beachfront,beachfront,generic,,,,private,,,TRUE,,MYTHIC
bigblackdick,bigblackdick,mature,,,,,,,TRUE,,DEFAULT
bigmood,bigmood,culture,,,,,,,TRUE,,DEFAULT
biochip,biochip,deus ex,biochips,,,,,,TRUE,,COMMON
biochips,biochips,deus ex,biochip,,,,,,TRUE,,DEFAULT
bitmap,bitmap,design,bitmaps,,"edit, editor, file, format, image, img",,,,TRUE,,RARE
bitmaps,bitmaps,design,bitmap,,"edit, editor, file, format, image, img",,,,TRUE,,DEFAULT
blvck,blvck,culture,,,"black, power",,,,TRUE,,DEFAULT
bootsector,bootsector,development,,,,,,,TRUE,,DEFAULT
braggart,braggart,generic,,,,,,,TRUE,,DEFAULT
brandalism,brandalism,hack,,,,,,,TRUE,,DEFAULT
brinner,brinner,,,,,,,,TRUE,,DEFAULT
buttock,buttock,mature,"buttocks, buttsecks, secks",,"average, bad, big, delicious, girthy, good, hng, moist, mouthwatering, small, sweaty, unf, wet, butt, mouth, sex, suc, succ, suck",,,,TRUE,,COMMON
buttocks,buttocks,mature,"buttock, buttsecks, secks",,"average, bad, big, delicious, girthy, good, hng, moist, mouthwatering, small, sweaty, unf, wet, butt, mouth, sex, suc, succ, suck",,,,TRUE,,COMMON
buttsecks,buttsecks,mature,"buttock, buttocks, secks",,"average, bad, big, delicious, girthy, good, hng, moist, mouthwatering, small, sweaty, unf, wet",,,,TRUE,,DEFAULT
canvass,canvass,politics,,,,,,,TRUE,,COMMON
cerulean,cerulean,design,,,"city, color, colour",,,,TRUE,,EPIC
cherub,cherub,love,,,,,,,TRUE,,DEFAULT
chillwave,chillwave,,,,"listen, play, radio",,,,TRUE,,DEFAULT
chown,chown,development,,,,,,,TRUE,,DEFAULT
chroot,chroot,development,,,,,,,TRUE,,DEFAULT
cinephile,cinephile,"media, generic",,,"award, buff, film, indie, masterpiece, movie, niche",,,,TRUE,,COMMON
coda,coda,development,,,"code, doc, docs, edit, editor, sh",,,,TRUE,,LEGENDARY
codesh,codesh,development,,,,,,,TRUE,,DEFAULT
colors,colors,design,"kolor, kolors","copic, crayola","a11y, bad, best, bright, crayola, copic, dull, fav, favorite, favourite, good, great, my, paint, pantone, skin, swatch",,,,TRUE,,EPIC
compile,compile,,,,,,,,TRUE,,LEGENDARY
conglomerate,conglomerate,business,,,"business, co, company, corp, industry, llc, ltd",,,,TRUE,,RARE
coroutine,coroutine,"development,  tech",,,,,,,TRUE,,COMMON
corsage,corsage,love,,,,,,,TRUE,,RARE
craftwork,craftwork,"design, development",,,,,,,TRUE,,DEFAULT
creek,creek,nature,,"dawson, dawsons",,,,,TRUE,,LEGENDARY
crud,crud,development,,,,,,,TRUE,,RARE
cursor,cursor,"design, development",cursors,,"a, code, mouse, page, pointer, the",,,,TRUE,,LEGENDARY
cursors,cursors,"design, development",cursor,,"a, code, mouse, page, pointer, the",,,,TRUE,,COMMON
cxnt,cxnt,mature,,,,,,,TRUE,,DEFAULT
datastore,datastore,tech,datastores,,,,,,TRUE,,DEFAULT
datastores,datastores,tech,datastore,,,,,,TRUE,,DEFAULT
datastruct,datastruct,tech,datastructs,,,,,,TRUE,,DEFAULT
datastructs,datastructs,tech,datastruct,,,,,,TRUE,,DEFAULT
dedsec,dedsec,hack,,,,,,,TRUE,,DEFAULT
dedware,dedware,hack,"dedwares, dedwarez",,,,,,TRUE,,DEFAULT
dedwares,dedwares,hack,"dedware, dedwarez",,,,,,TRUE,,DEFAULT
dedwarez,dedwarez,hack,"dedware, dedwares",,,,,,TRUE,,DEFAULT
deepthrust,deepthrust,mature,deepthrusts,,,,,,TRUE,,DEFAULT
deepthrusts,deepthrusts,mature,deepthrust,,,,,,TRUE,,DEFAULT
dehost,dehost,tech,,,,,,,TRUE,,DEFAULT
demex,demex,development,,,,,,,TRUE,,DEFAULT
destroy,destroy,,,,,,,,TRUE,,EPIC
digestif,digestif,,,,,,,,TRUE,,RARE
dingbat,dingbat,"design, write",dingbats,,"buy, font, opentype, otf, speciman, specimen, truetype, ttf, type, typeface, woff, woff2",,,,TRUE,,COMMON
dingbats,dingbats,"design, write",dingbat,,"buy, font, opentype, otf, speciman, specimen, truetype, ttf, type, typeface, woff, woff2",,,,TRUE,,COMMON
dinner,dinner,food,"brinner, lunch",michelin,"after, app, before, bill, buffet, buy, deliver, do, menu, purchase, reserve, rsvp, schedule, star, takeout",,,,TRUE,,LEGENDARY
diskette,diskette,tech,diskettes,,"floppy, mb, shareware, software",,,,TRUE,,COMMON
diskettes,diskettes,tech,diskette,,"floppy, mb, shareware, software",,,,TRUE,,COMMON
disrespect,disrespect,generic,,"doctor, dr","greatest, ultimate",,,,TRUE,,COMMON
dist,dist,development,,,,,,,TRUE,,RARE
diviner,diviner,spiritual,"diviners, divinity","diviners, divinity","ancient, angel, astro, astrology, god, goddess, spirit, spiritual, tarot",,,,TRUE,,COMMON
diviners,diviners,spiritual,"diviner, divinity","diviner, divinity","ancient, angel, astro, astrology, god, goddess, spirit, spiritual, tarot",,,,TRUE,,COMMON
divinity,divinity,spiritual,"diviner, diviners","diviner, diviners","ancient, angel, astro, astrology, god, goddess, spirit, spiritual, tarot",,,,TRUE,,EPIC
doomscroll,doomscroll,"culture, tech","doomsurf, gleefresh, goodscroll",,,,,,TRUE,,DEFAULT
doomsurf,doomsurf,,"doomscroll, gleefresh, goodscroll",,,,,,TRUE,,DEFAULT
dopameme,dopameme,"culture, tech",,,,,,,TRUE,,DEFAULT
dribble,dribble,sports,,,,,,,TRUE,,RARE
dribbles,dribbles,sports,,,,,,,TRUE,,COMMON
drives,drives,tech,,,"cyber, hard, hd, hdd, local, remote, solid, solidstate, ss, ssd, web",,,,TRUE,,EPIC
ecmascript,ecmascript,development,,,"code, database, db, javascript, js, program",,,,TRUE,,COMMON
editor,editor,"design, development",editors,,"blog, code, digital, fun, graphics, palette, text",,,,TRUE,,LEGENDARY
editors,editors,"design, development",editor,,"blog, code, digital, fun, graphics, palette, text",,,,TRUE,,EPIC
endif,endif,development,,,,,,,TRUE,,DEFAULT
exclamation,exclamation,write,,,,,,,TRUE,,COMMON
external,external,generic,,,,,,,TRUE,,EPIC
extracurricular,extracurricular,generic,,,"activities, activity, game, games, hobbies, hobby, sport, sports",,,,TRUE,,DEFAULT
fairpoint,fairpoint,politics,,,"argue, debate",,,,TRUE,,DEFAULT
futuros,futuros,tech,futurus,,,,,,TRUE,,DEFAULT
futurus,futurus,tech,futuros,,,,,,TRUE,,DEFAULT
gamestart,gamestart,"game, sports",,,ready,,,,TRUE,,DEFAULT
garterbelt,garterbelt,mature,,,"buy, lingerie, sex, sexy, shop, xxx",,,,TRUE,,DEFAULT
glacier,glacier,nature,,,,,,,TRUE,,COMMON
gleefresh,gleefresh,,"doomscroll, doomsurf, goodscroll",,,,,,TRUE,,DEFAULT
goodscroll,goodscroll,"culture, tech","doomscroll, doomsurf, gleefresh",,,,,,TRUE,,DEFAULT
grandiose,grandiose,"culture, generic",,,"extra, great, impress, lux",,,,TRUE,,RARE
grundare,grundare,generic,,,,,"Swedish for ""founder""",,TRUE,,DEFAULT
guffaw,guffaw,"media, generic",,,"big, lol",,,,TRUE,,COMMON
halide,halide,science,,"app, ios","cam, camera, photography",,,,TRUE,,LEGENDARY
handyname,handyname,"generic, handshake",,,,,,,TRUE,,DEFAULT
herbivore,herbivore,"food, generic",,,,,,,TRUE,,RARE
hexa,hexa,design,hsla,,"color, colour, palette",,,,TRUE,,RARE
hieroglyph,hieroglyph,culture,"hieroglyphic, hieroglyphics, hieroglyphs",,"ancient, egypt, egyptian, emoji, lang, language, lost, mystic, mystical, mythic, mythical, original, sacred, script, scripts, write",,,,TRUE,,COMMON
hieroglyphic,hieroglyphic,culture,"hieroglyph, hieroglyphics, hieroglyphs",,"ancient, egypt, egyptian, emoji, lang, language, lost, mystic, mystical, mythic, mythical, original, sacred, script, scripts, write",,,,TRUE,,DEFAULT
hieroglyphics,hieroglyphics,culture,"hieroglyph, hieroglyphic, hieroglyphs",,"ancient, egypt, egyptian, emoji, lang, language, lost, mystic, mystical, mythic, mythical, original, sacred, script, scripts, write",,,,TRUE,,DEFAULT
hieroglyphs,hieroglyphs,culture,"hieroglyph, hieroglyphic, hieroglyphics",,"ancient, egypt, egyptian, emoji, lang, language, lost, mystic, mystical, mythic, mythical, original, sacred, script, scripts, write",,,,TRUE,,DEFAULT
highball,highball,mature,,,,,,,TRUE,,RARE
homeroom,homeroom,education,,,"abc, academic, academy, app, elementary, first, hs, junior, k12, montessori, primary, school, secondary, xyz",,,,TRUE,,COMMON
horoscopy,horoscopy,,,,,,,,TRUE,,COMMON
hsla,hsla,design,hexa,,"color, colour, palette",,,,TRUE,,DEFAULT
htop,htop,development,,,,,,,TRUE,,DEFAULT
httpx,httpx,tech,,,,,,,TRUE,,DEFAULT
humanoid,humanoid,generic,humanoids,,,,,,TRUE,,COMMON
humanoids,humanoids,generic,humanoid,,,,,,TRUE,,DEFAULT
hyphen,hyphen,write,,,,,,,TRUE,,RARE
hyphop,hyphop,music,,,,,,,TRUE,,DEFAULT
illuminatus,illuminatus,politics,,,,,,,TRUE,,COMMON
impresario,impresario,generic,,,"act, acting, music, perform, performance",,,,TRUE,,RARE
inasmuch,inasmuch,write,insomuch,,,,,,TRUE,,COMMON
incorpo,incorpo,business,,,,,,,TRUE,,DEFAULT
indexof,indexof,,,,,,,,TRUE,,DEFAULT
infocenter,infocenter,tech,,,,,,,TRUE,,COMMON
infolink,infolink,"deus ex, tech",,,,,,,TRUE,,DEFAULT
initial,initial,,initials,,,,,,TRUE,,LEGENDARY
initials,initials,,initial,,,,,,TRUE,,COMMON
insomuch,insomuch,write,inasmuch,,,,,,TRUE,,COMMON
interior,interior,"design, generic",,,"build, create, design, secretary",,,,TRUE,,EPIC
internetpoint,internetpoint,tech,internetpoints,,"get, lose, my, win",,,,TRUE,,DEFAULT
internetpoints,internetpoints,tech,internetpoint,,"get, lose, my, win",,,,TRUE,,DEFAULT
jargon,jargon,tech,technobabble,,"activity, group, obscure, pro, tech, technical, techno, trade",,,,TRUE,,LEGENDARY
jomo,jomo,culture,,,,,,,TRUE,,DEFAULT
kolor,kolor,design,"colors, kolors","copic, crayola","a11y, bad, best, bright, crayola, copic, dull, fav, favorite, favourite, good, great, my, paint, pantone, skin, swatch",,,,TRUE,,DEFAULT
kolors,kolors,design,"colors, kolor","copic, crayola","a11y, bad, best, bright, crayola, copic, dull, fav, favorite, favourite, good, great, my, paint, pantone, skin, swatch",,,,TRUE,,DEFAULT
labia,labia,mature,,,"best, juicy, meaty, suc, succ, suck, thick, thin",,,,TRUE,,DEFAULT
labio,labio,generic,,,,,,,TRUE,,RARE
leapyear,leapyear,generic,,,"birthday, my, next, previous",,,,TRUE,,DEFAULT
lefty,lefty,"design, generic, politics","righty, southpaw",,,,,,TRUE,,COMMON
lewk,lewk,fashion,lewks,,"autumn, bad, bai, bi, boy, catalogue, fall, fashion, girl, good, gurl, solstice, spring, summer, winter",,,,TRUE,,DEFAULT
lewks,lewks,fashion,lewk,,"autumn, bad, bai, bi, boy, catalogue, fall, fashion, girl, good, gurl, solstice, spring, summer, winter",,,,TRUE,,DEFAULT
libr,libr,generic,,,"book, books, read",,,,TRUE,,COMMON
liek,liek,,,,,,,,TRUE,,COMMON
lieu,lieu,,,,in,,,,TRUE,,LEGENDARY
liss,liss,generic,,casey,,,,,TRUE,,LEGENDARY
litre,litre,science,,,,,,,TRUE,,LEGENDARY
localroot,localroot,,,,,,,,TRUE,,DEFAULT
lolwut,lolwut,culture,,,,,,,TRUE,,DEFAULT
loupe,loupe,"design, fashion, photography, science",,,,,,,TRUE,,RARE
loverboi,loverboi,"love, mature",loverboy,,,,,,TRUE,,DEFAULT
loverboy,loverboy,"love, mature",loverboi,,,,,,TRUE,,COMMON
lunch,lunch,food,"brinner, dinner",michelin,"after, app, before, bill, buffet, buy, deliver, do, menu, purchase, reserve, rsvp, schedule, star, takeout",,,,TRUE,,LEGENDARY
lynk,lynk,"generic, tech",,,"my, sh, short, tiny, url, xh, your",,,,TRUE,,RARE
marshmallow,marshmallow,food,,,,,,,TRUE,,COMMON
maru,maru,culture,,mirror,"cat, cats, kat, kit, kitty, meow",,,,TRUE,,COMMON
marvelous,marvelous,,,,,,,,TRUE,,EPIC
megatech,megatech,tech,,,,,,,TRUE,,DEFAULT
meicho,meicho,,,,,,,,TRUE,,DEFAULT
melanin,melanin,culture,,,"beautiful, black, rich, sun, sunkissed",,,"bitch, poor, ratchet, slut, ugly",TRUE,,LEGENDARY
microsystem,microsystem,tech,microsystems,,"device, devices, inner, machine, machines, mini, nano, os, system, tiny",,,,TRUE,,DEFAULT
microsystems,microsystems,tech,microsystem,,"device, devices, inner, machine, machines, mini, nano, os, system, tiny",,,,TRUE,,RARE
mideast,mideast,culture,,,,,,,TRUE,,EPIC
millennium,millennium,,,,,,,,TRUE,,COMMON
milliamp,milliamp,tech,"millihenry, millivolt",,,,,,TRUE,,COMMON
millihenry,millihenry,science,"milliamp, millivolt",,,,,,TRUE,,COMMON
millivolt,millivolt,tech,"milliamp, millihenry",,,,,,TRUE,,RARE
moemoe,moemoe,japan,,,"kawaii, moe, waifu",,,,TRUE,,DEFAULT
monochrome,monochrome,design,,,,,,,TRUE,,EPIC
moodring,moodring,"culture, generic",moodrings,,,,,,TRUE,,DEFAULT
moodrings,moodrings,"culture, generic",moodring,,,,,,TRUE,,DEFAULT
mvc,mvc,development,,,"code, paradigm, pattern, program, project, template",,,,TRUE,,DEFAULT
nameserve,nameserve,tech,"nameserv, namser",,,,,,TRUE,,DEFAULT
nbsp,nbsp,"development, write",,,,,,,TRUE,,DEFAULT
nendoroid,nendoroid,japan,,,"buy, model, purchase, shop, toy",,,,TRUE,,DEFAULT
nendoroids,nendoroids,japan,,,"buy, model, purchase, shop, toy",,,,TRUE,,DEFAULT
neue,neue,design,,inge,"art, canvas, draw, drawing, font, illustrate, illustration, project, repo, type, typeface, types",,,,TRUE,,EPIC
newline,newline,write,,,,,,,TRUE,,COMMON
nonsequitur,nonsequitur,generic,,,,,,,TRUE,,DEFAULT
novae,novae,cosmic,,,"in, planet, space, super, ultra",,,,TRUE,,RARE
nullstack,nullstack,,,,,,,,TRUE,,DEFAULT
onprem,onprem,business,,,"cloud, code, compute, farm, fossil, git, hardware, native, network, remote, scm, server, servers, software, svn, virtual, vpc",,,,TRUE,,DEFAULT
oooh,oooh,generic,,,"present, presents, surprise, surprises",,,,TRUE,,DEFAULT
operand,operand,math,,,"logic, logical, math, mathematical, symbol",,,,TRUE,,COMMON
outwork,outwork,business,,,,,,,TRUE,,COMMON
pacote,pacote,generic,,,"deliver, delivery, package",,"Portuguese for ""package""",,TRUE,,DEFAULT
pagefault,pagefault,development,,,,,,,TRUE,,DEFAULT
paizuri,paizuri,"japan, mature",,,"oppai, tentacle, tentacles, üçÜ",,,,TRUE,,DEFAULT
param,param,development,"params, parameter",,"app, arg, args, argument, arguments, comp, compute, computer, css, function, functions, fx, html, js, jsx, keyword, keywords, machine, machines, optional, parse, query, required, string, strings, super, supreme, url, val, var, variable, variables, vars",,,,TRUE,,LEGENDARY
parameter,parameter,development,"param, params",,"app, arg, args, argument, arguments, comp, compute, computer, css, function, functions, fx, html, js, jsx, keyword, keywords, machine, machines, optional, parse, query, required, string, strings, super, supreme, url, val, var, variable, variables, vars",,,,TRUE,,EPIC
params,params,development,"param, parameter",,"app, arg, args, argument, arguments, comp, compute, computer, css, function, functions, fx, html, js, jsx, keyword, keywords, machine, machines, optional, parse, query, required, string, strings, super, supreme, url, val, var, variable, variables, vars",,,,TRUE,,DEFAULT
pearlstone,pearlstone,nature,,,,,,,TRUE,,COMMON
permafrost,permafrost,nature,,,,,,,TRUE,,RARE
pharaoh,pharaoh,culture,pharaohs,,"ancient, egypt, egyptian, emoji, lang, language, lost, mystic, mystical, mythic, mythical, original, sacred, script, scripts, write",,,,TRUE,,EPIC
pharaohs,pharaohs,culture,pharaoh,,"ancient, egypt, egyptian, emoji, lang, language, lost, mystic, mystical, mythic, mythical, original, sacred, script, scripts, write",,,,TRUE,,COMMON
pigeon,pigeon,nature,,,"app, carry, carrier, chat, mail, message, my, ny, newyork, sub, subway",,,,TRUE,,RARE
playsmart,playsmart,"game, sports",,,,,,,TRUE,,DEFAULT
plethora,plethora,generic,,,,,,,TRUE,,COMMON
pluriverse,pluriverse,,,,,,,,TRUE,,DEFAULT
pondering,pondering,write,ponderings,,"life, lifes, my",,,,TRUE,,COMMON
ponderings,ponderings,write,pondering,,"life, lifes, my",,,,TRUE,,DEFAULT
postseason,postseason,sports,postseasons,"mlb, nascar, nba, nfl","baseball, basketball, football, mvp, race, racing, stat, stats",,,,TRUE,,COMMON
postseasons,postseasons,sports,postseason,"mlb, nascar, nba, nfl","baseball, basketball, football, mvp, race, racing, stat, stats",,,,TRUE,,DEFAULT
puns,puns,culture,,,"bad, dad",,,,TRUE,,RARE
pxem,pxem,development,,,,,,,TRUE,,DEFAULT
pynk,pynk,generic,,,,,,,TRUE,,DEFAULT
righty,righty,"design, generic, politics",lefty,,,,,,TRUE,,COMMON
rootserve,rootserve,,,,,,,,TRUE,,DEFAULT
saturnalia,saturnalia,culture,,,,,,,TRUE,,COMMON
savepoint,savepoint,game,savepoints,"microsoft, ms, nintendo, ninty, playstation, ps, sony, xbox","app, game, my, no, your",,,,TRUE,,DEFAULT
savepoints,savepoints,game,savepoint,"microsoft, ms, nintendo, ninty, playstation, ps, sony, xbox","app, game, my, no, your",,,,TRUE,,DEFAULT
scrot,scrot,"design, tech",scrots,,,,,,TRUE,,DEFAULT
scrots,scrots,"design, tech",scrot,,,,,,TRUE,,DEFAULT
secks,secks,mature,"buttock, buttocks, buttsecks",,"average, bad, big, delicious, girthy, good, hng, moist, mouthwatering, small, sweaty, unf, wet, butt, mouth, sex, suc, succ, suck",,,,TRUE,,DEFAULT
xn--seorita-5za,se√±orita,culture,,,,,,,TRUE,,DEFAULT
serene,serene,spiritual,,,,,,,TRUE,,LEGENDARY
shimbun,shimbun,,,,,,,,TRUE,,DEFAULT
shinbun,shinbun,,,,,,,,TRUE,,DEFAULT
shindeiru,shindeiru,japan,shinderu,,,,,,TRUE,,DEFAULT
shinderu,shinderu,japan,shindeiru,,,,,,TRUE,,DEFAULT
shitpost,shitpost,,shitposts,,"fun, funny, meme, memes",,,,TRUE,,DEFAULT
shitposts,shitposts,,shitpost,,"fun, funny, meme, memes",,,,TRUE,,DEFAULT
shmup,shmup,game,,,"game, fps, mmo, mmorpg, pixel, rpg, rts, scroll, side, sidescroll",,,,TRUE,,DEFAULT
sidereal,sidereal,cosmic,,,"astro, astronomy, read, star",,,,TRUE,,DEFAULT
sike,sike,culture,,,,,,,TRUE,,COMMON
slanguage,slanguage,culture,,,,,,,TRUE,,COMMON
snapback,snapback,"culture, fashion",snapbacks,,,,,,TRUE,,COMMON
snapbacks,snapbacks,"culture, fashion",snapback,,,,,,TRUE,,COMMON
soie,soie,fashion,,,,,,,TRUE,,EPIC
soundfont,soundfont,"music, tech",soundfonts,,"file, files, game, games, play",,,,TRUE,,DEFAULT
soundfonts,soundfonts,"music, tech",soundfont,,"file, files, game, games, play",,,,TRUE,,DEFAULT
soundteam,soundteam,music,soundteams,,"game, music",,,,TRUE,,DEFAULT
soundteams,soundteams,music,soundteam,,"game, music",,,,TRUE,,DEFAULT
southpaw,southpaw,generic,lefty,,,,,,TRUE,,COMMON
starboard,starboard,cosmic,,,"aft, deck, king, marine, plastic, port, sup, the",,,,TRUE,,COMMON
sushirrito,sushirrito,food,,,,,,,TRUE,,DEFAULT
svpply,svpply,"design, development",,,,,,,TRUE,,DEFAULT
symbols,symbols,"design, development, spiritual",,,"abc, alpha, astra, astro, astronomy, laundry, latin, planet, sf, spirit, spiritual, star, tarot, xyz, zodiac",,,,TRUE,,EPIC
technobabble,technobabble,tech,jargon,,"activity, group, obscure, pro, tech, technical, techno, trade",,,,TRUE,,DEFAULT
theblackfriday,theblackfriday,shop,thecybermonday,,"sale, sales, shop, shops",,,,TRUE,,DEFAULT
thecybermonday,thecybermonday,shop,theblackfriday,,"sale, sales, shop, shops",,,,TRUE,,DEFAULT
thique,thique,,,,,,,,TRUE,,DEFAULT
tiddies,tiddies,mature,,,,,,,TRUE,,DEFAULT
transmit,transmit,development,,,"app, apps, csv, doc, docs, document, documents, file, files, ftp, gz, jpeg, jpg, magnet, png, psd, secure, sftp, share, tar, torrent, txt, websocket, ws, zip",,,,TRUE,,EPIC
uchu,uchu,,uch≈´,,"alien, cosmic, cosmo, cosmos, outer, space, universe",,,,TRUE,,COMMON
xn--uch-70a,uch≈´,,uchu,,"alien, cosmic, cosmo, cosmos, outer, space, universe",,,,TRUE,,DEFAULT
undernet,undernet,mmbn,uranet,,"alpha, heel, nebula, regal, shun, w3, wily, worldthree",,,,TRUE,,DEFAULT
univeige,univeige,cosmic,,,"color, universe",,,,TRUE,,DEFAULT
uranet,uranet,mmbn,undernet,,"alpha, heel, nebula, regal, shun, w3, wily, worldthree",,,,TRUE,,DEFAULT
usenetwork,usenetwork,tech,,,,,,,TRUE,,DEFAULT
vendo,vendo,shop,,,,,,,TRUE,,DEFAULT
viii,viii,&c,,,,,,,TRUE,,DEFAULT
ware,ware,,,,,,,,TRUE,,LEGENDARY
waveform,waveform,music,,,,,,,TRUE,,COMMON
webbrowser,webbrowser,tech,webrowser,,,,,,TRUE,,COMMON
webrowser,webrowser,tech,webbrowser,,,,,,TRUE,,DEFAULT
webscape,webscape,tech,,,"browse, internet, net, surf",,,,TRUE,,DEFAULT
websurf,websurf,tech,,,"browse, internet, net",,,,TRUE,,DEFAULT
whizbang,whizbang,tech,,,,,,,TRUE,,COMMON
woebegone,woebegone,,,,,,,,TRUE,,COMMON
wordplay,wordplay,"generic, music, write",,,,,,,TRUE,,COMMON
xor,xor,,,,,,,,TRUE,,DEFAULT
xra,xra,generic,,,,,,,TRUE,,DEFAULT
xref,xref,development,,,,,,,TRUE,,RARE
yaga,yaga,culture,,,,,,,TRUE,,DEFAULT
yoink,yoink,"culture, generic",,,,,,,TRUE,,DEFAULT
yuck,yuck,,,,,,,,TRUE,,COMMON
yuletide,yuletide,"culture, generic",,,"celebrate, celebration, christ, christmas, come, joy, merry, pagan, saint, santa, season, xmas",,,,TRUE,,DEFAULT
zaddy,zaddy,"culture, mature",,,,,,,TRUE,,DEFAULT
xn--r9j070h,ÂÖ±„Å´,love,,,,,"Japanese for ""together""",,TRUE,,DEFAULT
xn--81g,¬∞F,science,,,,,,,,,
xn--rca,√ó,math,,,,,,,,,
xn--p3h,‚òÖ,&c,,,,,,,,,
xn--74h6500f32xg,‚ò∫Ô∏èüöõ,,,,,,,,,TRUE,
xn--6bia31156ara,‚úãüèª‚úãüèø,,,,,,,,,TRUE,
xn--6bia41156aoa,‚úãüèø‚úãüèª,,,,,,,,,TRUE,
xn--3l8hea,üèÜüèà,,,,,,,,,TRUE,
xn--km8h,üèñ,,,,,private,,,,,
xn--kp8h05f,üêøü•ú,,,,,,,,,TRUE,
xn--qn8ha0ub,üëãüèøüëãüèø,,,,,,,,,,
xn--qn8hrgn1d,üë®üèøüöÄ,,,,,,,,,,
xn--ri8hxs,üëΩüçë,,,,,,,,,TRUE,
xn--dr8haaa,üëæüëæüëæüëæ,game,,,,private,,,,TRUE,
xn--q68hp3b,ü§êüöò,,,,,,,,,TRUE,
xn--ks8h54e,ü§òüí®,&c,,,,,,,,TRUE,
xn--dk8hp3b,üòÅüéâ,,,,,,,,,TRUE,
xn--938hrf,üöõüôÇ,,,,,,,,,TRUE,
xn--x5iv313ecwygga,üü•‚¨úÔ∏èüü¶,&c,,,,,,,,TRUE,
xn--izg,‚Ç©,,,,,private,,,,,
0451,0451,deus ex,,,,,,,,,
07d0eb,07d0eb,,,,,private,,,,,
0x01,0x01,development,,,,,"a hex number that translates to ""1"" in binary",,,,
0xa0,0xa0,,,,,,,,,,
1date,1date,,,,,,,,,,
2077,2077,cyberpunk,,,,,,,,,
247366,247366,culture,,,,,,,,,
24hrs,24hrs,shop,,,,,,,,,
2oo,2oo,&c,,,,,,,,,
xn--rrh,‚ë£,&c,,,,,,,,,
50p,50p,shop,,,,,,,,,
5oo,5oo,&c,,,,,,,,,
abilao,abilao,nature,,,"fruit, grow, ripe, tree",,,,,,
accentuates,accentuates,dictionary,,,,,,,,,
adamjensen,adamjensen,deus ex,,,,,,,,,
adblockers,adblockers,tech,,,,,,,,,
admire,admire,,,,,,,,,,
adza,adza,&c,,,,,,,,,
aeria,aeria,,,,,,,,,,
aihr,aihr,,,,,,,,,,
airhead,airhead,dictionary,,,,,from military to slang‚Ä¶,,,,
alcyon,alcyon,&c,,,,,,,,,
allnice,allnice,&c,,,,,,,,,
alludes,alludes,"dictionary, generic",,,,,,,,,
altrecht,altrecht,politics,,,,,"German for ""old law""",,,,
amain,amain,dictionary,,,,,,,,,
amej,amej,,,,,,,,,,
amoebae,amoebae,nature,,,,,the plural form of amoeba,,,,
andale,andale,dictionary,,,"fast, hurry, quick, slow",,"Spanish for ""come on"" or ""hurry up""",,,,
andme,andme,&c,,,,,,,,,
antennae,antennae,dictionary,,,,,,,,,
anyhoo,anyhoo,,,,,,,,,,
applebee,applebee,&c,,,,,,,,,
arsehole,arsehole,"generic, politics",,,,,,,,,
artfun,artfun,,,,,,,,,,
asterio,asterio,&c,,,,,,,,,
athene,athene,deus ex,,,,,,,,,
attr,attr,development,,,,,,,,,
augmentations,augmentations,deus ex,,,"cyber, deusex, dx",,,,,,
augments,augments,deus ex,,,"cyber, deusex, dx",,,,,,
avec,avec,&c,,,,,,,,,
avif,avif,media,,,,,,,,,
avir,avir,,,,,,,,,,
awesomesauce,awesomesauce,,,,,,,,,,
backframe,backframe,dictionary,,,,,,,,,
backhand,backhand,sports,,,,,,,,,
backlists,backlists,&c,,,,,,,,,
backlogs,backlogs,&c,,,,,,,,,
backrest,backrest,&c,,,,,,,,,
backsides,backsides,&c,,,,,,,,,
backspin,backspin,sports,,,,,,,,,
backyards,backyards,&c,,,,,,,,,
baft,baft,&c,,,,,,,,,
baggy,baggy,&c,,,,,,,,,
balc,balc,&c,,,,,,,,,
baldest,baldest,&c,,,,,,,,,
baldish,baldish,&c,,,,,,,,,
balis,balis,&c,,,,,,,,,
ballistics,ballistics,&c,,,,,,,,,
bandages,bandages,&c,,,,,,,,,
bandolier,bandolier,&c,,,,,,,,,
barbecued,barbecued,&c,,,,,,,,,
bareserver,bareserver,,,,,,,,,,
bareservers,bareservers,,,,,,,,,,
barwise,barwise,&c,,,,,,,,,
bashy,bashy,,,,,,,,,,
bawse,bawse,"business, culture",,,,,,,,,
bchfrnt,bchfrnt,,,,,private,,,,,
beachback,beachback,,,,,private,,,,,
beansprout,beansprout,,,,,,,,,,
beathaus,beathaus,music,,,"beats, music, perform, performance, show",,,,,,
xn--beaut-fsa,beaut√©,love,,,"beau, beautiful, beso, gorgeous, kiss, pretty",,,,,,
belltower,belltower,deus ex,,,,,,,,,
bellwether,bellwether,watch dogs,,,,,,,,,
besos,besos,love,,,,,,,,,
biabou,biabou,&c,,,,,,,,,
biennial,biennial,,,,,,,,,,
biocybernetic,biocybernetic,deus ex,biocybernetics,,,,,,,,
biocybernetics,biocybernetics,deus ex,biocybernetic,,,,,,,,
biogene,biogene,science,,,,,,,,,
biona,biona,,,,,,,,,,
biotechnica,biotechnica,science,,,,,,,,,
blak,blak,culture,,,,,,,,,
bled,bled,health,,,,,,,,,
blob_module,blob_module,,,,,,,,,,
blob_modules,blob_modules,,,,,,,,,,
blockchaindex,blockchaindex,"decentralize, finance",,,,,,,,,
blockheist,blockheist,decentralize,,,"crypto, cryptocash, cryptocurrency",,,,,,
blockstore,blockstore,,,,,,,,,,
blogarama,blogarama,write,,,,,,,,,
blogorama,blogorama,write,,,,,,,,,
boma,boma,gits,,,,,,,,,
bookroom,bookroom,write,,,,,,,,,
bostonia,bostonia,&c,,,,,,,,,
boughs,boughs,&c,,,,,,,,,
brigadier,brigadier,politics,,,,,,,,,
brittania,brittania,politics,,,,,,,,,
brokenhearted,brokenhearted,love,,,,,,,,,
bso,bso,&c,,,,,,,,,
caneco,caneco,&c,,,,,,,,,
cannabistoken,cannabistoken,"decentralize, finance",,,,,,,,,
casie,casie,deus ex,,,,,,,,,
caters,caters,food,,,,,,,,,
catt,catt,&c,,,"iam, mynameis",,,,,,
celestine,celestine,science,,,,,,,,,
centuria,centuria,,,,,,,,,,
cetra,cetra,music,,,,,,,,,
chacao,chacao,&c,,,,,,,,,
chet,chet,,,,,,,,,,
chocolatethunder,chocolatethunder,mature,,,"miss, mister, mr, mrs, ms, the",,,,,,
chromaphyll,chromaphyll,,,,,,,,,,
chronver,chronver,,,,,private,,,,,
chub,chub,mature,,,,,,,,,
cobrakai,cobrakai,&c,,,,,,,,,
cocu,cocu,&c,,,,,"French for ""deceived""",,,,
codegear,codegear,tech,,,,,,,,,
coinledger,coinledger,decentralize,,,,,,,,,
collectr,collectr,"decentralize, art",,,,private,,,,,
colorware,colorware,,,,,,,,,,
commentariat,commentariat,,,,,,,,,,
communitree,communitree,"culture, tech",,,,private,,,,,
congeal,congeal,dictionary,,,,,,,,,
conspiracies,conspiracies,deus ex,,,"alien, center, co, conservative, gov, government, left, political, pro, progressive, right",,,,,,
cori,cori,,,,,,,,,,
cowrote,cowrote,,,,,,,,,,
crax,crax,nature,,,,,,,,,
creamtube,creamtube,mature,,,,,,,,,
credendum,credendum,,,,,,,,,,
crestline,crestline,nature,,,,,,,,,
cryptocatt,cryptocatt,decentralize,,,,,,,,,
cryptodoge,cryptodoge,decentralize,,,,,,,,,
cryptokat,cryptokat,decentralize,,,,,,,,,
ctos,ctos,watch dogs,,,,,,,,,
cumguzzlers,cumguzzlers,mature,,,,,,,,,
cumsluts,cumsluts,mature,,,,,,,,,
cusl,cusl,&c,,,,,,,,,
cyberworld,cyberworld,,,,,,,,,,
dachs,dachs,&c,,,,,,,,,
dacoity,dacoity,hack,,,,,"Indian for ""banditry""",,,,
damcense,damcense,,,,,,,,,,
damncense,damncense,,,,,,,,,,
daotoken,daotoken,"decentralize, finance",,,,,,,,,
darkling,darkling,dictionary,,,,,,,,,
darklings,darklings,dictionary,,,,,,,,,
dataclass,dataclass,,,,,,,,,,
datafutures,datafutures,tech,,,,,,,,,
dataklass,dataklass,,,,,,,,,,
datalove,datalove,,,,,,,,,,
datarius,datarius,tech,,,,,,,,,
datemark,datemark,&c,,,,,,,,,
davidsarif,davidsarif,deus ex,,,,,,,,,
daydream,daydream,,,,,,,,,,
daydreamed,daydreamed,,,,,,,,,,
daydreams,daydreams,,,,,,,,,,
defini,defini,"decentralize, finance",,,,,,,,,
defivault,defivault,"decentralize, finance",,,,,,,,,
demasu,demasu,japan,,,,,,,,,
deutschemark,deutschemark,business,,,,,,,,,
xn--developers-lqa,developers¬≥,development,,,,,,,,,
dicta,dicta,,,,,,,,,,
diso,diso,&c,,,,,,,,,
dmta,dmta,&c,,,,,,,,,
doua,doua,&c,,,,,,,,,
dragonair,dragonair,&c,,,,,,,,,
drasil,drasil,,,,,,,,,,
dreamplace,dreamplace,,,,,,,,,,
drivr,drivr,&c,,,,,,,,,
dscd,dscd,&c,,,,,,,,,
duim,duim,science,,,,,,,,,
duki,duki,&c,,,,,,,,,
dynacore,dynacore,deus ex,,,,,,,,,
dynavar,dynavar,,,,,,,,,,
dynavars,dynavars,,,,,,,,,,
e2ee,e2ee,,,,,,,,,,
ebcdic,ebcdic,tech,,,,,,,,,
eddies,eddies,cyberpunk,,,,,,,,,
elago,elago,&c,,,,,,,,,
emersion,emersion,dictionary,,,,,,,,,
emperori,emperori,&c,,,,,,,,,
endpoints,endpoints,development,,,,,,,,,
enthuse,enthuse,dictionary,,,,,,,,,
environs,environs,"dictionary, generic",,,,,,,,,
erykah,erykah,,,,,,,,,,
etapes,etapes,&c,,,,,,,,,
etocoin,etocoin,,,,,,,,,,
ettu,ettu,,,,,,,,,,
eurodollars,eurodollars,cyberpunk,,,,,,,,,
europanet,europanet,&c,,,,,,,,,
everbank,everbank,decentralize,,,,,,,,,
evicore,evicore,&c,,,,,,,,,
example1,example1,,,,,,,,,,
example2,example2,,,,,,,,,,
example3,example3,,,,,,,,,,
exampled,exampled,&c,,,,,,,,,
examplename,examplename,handshake,,,,private,,,,,
exogen,exogen,&c,,,,,,,,,
exorcise,exorcise,dictionary,,,,,,,,,
extracurriculars,extracurriculars,,,,,,,,,,
eyedrop,eyedrop,health,,,,,,,,,
eyedrops,eyedrops,health,,,,,,,,,
fanhouse,fanhouse,&c,,,,,,,,,
faridahmalik,faridahmalik,deus ex,,,,,,,,,
fimbrethil,fimbrethil,,,,,,,,,,
finochio,finochio,&c,,,,,,,,,
flourchild,flourchild,food,,,,,,,,,
flsmidth,flsmidth,&c,,,,,,,,,
forewarn,forewarn,,,,,,,,,,
fowa,fowa,&c,,,,,,,,,
freq,freq,,,,,,,,,,
frontstreet,frontstreet,culture,,,,,,,,,
g3niu5,g3niu5,,,,,private,,,,,
gabs,gabs,&c,,,,,,,,,
galant,galant,,,,,,,,,,
gambe,gambe,,,,,,,,,,
gameai,gameai,game,,,,,,,,,
gapelia,gapelia,,,,,,,,,,
gasps,gasps,"dictionary, generic",,,,,,,,,
gauges,gauges,&c,,,,,,,,,
gaum,gaum,dictionary,,,,,,,,,
geishas,geishas,&c,,,,,,,,,
germantown,germantown,&c,,,,,,,,,
gesicht,gesicht,dictionary,,,,,"""face""in German",,,,
getfile,getfile,tech,,,,,,,,,
getfiles,getfiles,tech,,,,,,,,,
gingnet,gingnet,mmbn,,,,private,,,,,
glaceon,glaceon,&c,,,,,,,,,
xn--glasshtte-v9a,glassh√ºtte,&c,,,,,"Town in Germany, birth of watchmaking",,,,
globalpartner,globalpartner,business,,,,,,,,,
goldeye,goldeye,nature,,,,,,,,,
goldwind,goldwind,&c,,,,,,,,,
gouesse,gouesse,&c,,,,,,,,,
gourde,gourde,business,,,,,,,,,
govfin,govfin,politics,,,,,,,,,
granulate,granulate,"food, generic",,,,,,,,,
graphiql,graphiql,development,,,,private,,,,,
greenback,greenback,business,,,,,,,,,
greenbook,greenbook,culture,,,,,,,,,
grins,grins,&c,,,,,,,,,
guincool,guincool,mmbn,,,,private,,,,,
hackerspace,hackerspace,,,,,,,,,,
hackerspaces,hackerspaces,,,,,,,,,,
hacoin,hacoin,,,,,,,,,,
halcyon,halcyon,,,,,,,,,,
hallet,hallet,,,,,,,,,,
handlebar,handlebar,,,,,,,,,,
hause,hause,&c,,,,,,,,,
hdtp,hdtp,,,,,,,,,,
hengshan,hengshan,deus ex,,,,,,,,,
hepta,hepta,,,,,,,,,,
hereinafter,hereinafter,,hereunder,,,,,,,,
hereunder,hereunder,,hereinafter,,,,,,,,
hexplore,hexplore,,,,,,,,,,
hexplorer,hexplorer,,,,,,,,,,
hikari,hikari,mmbn,,,,private,,,,,
hinobi,hinobi,,,,,,,,,,
histamine,histamine,health,,,,,,,,,
hoatzin,hoatzin,nature,,,,,,,,,
hocoin,hocoin,,,,,,,,,,
holarchy,holarchy,,,,,,,,,,
hominem,hominem,dictionary,,,,,,,,,
hooligans,hooligans,,,,,,,,,,
hotwives,hotwives,mature,,,,,,,,,
hucoin,hucoin,decentralize,,,,,,,,,
hullo,hullo,,,,,,,,,,
humanityfront,humanityfront,deus ex,,,,,,,,,
hundredth,hundredth,&c,,,time,,,,,,
hurried,hurried,&c,,,,,,,,,
hurriedly,hurriedly,&c,,,,,,,,,
hwhois,hwhois,handshake,,,,private,,,,,
hypertime,hypertime,cosmic,,,,,,,,,
hyphenates,hyphenates,&c,,,,,,,,,
ian,ian,,,,,private,,,,,
icsu,icsu,&c,,,,,,,,,
ideas-never-cease,ideas-never-cease,,,,,private,,,,,
illos,illos,design,,,,,,,,,
illumines,illumines,&c,,,,,,,,,
immudb,immudb,development,,,"database, db",,,,,,
incan,incan,&c,,,,,,,,,
incans,incans,&c,,,,,,,,,
incantation,incantation,spiritual,,,"salem, witch, witchy",,,,,,
incants,incants,&c,,,,,,,,,
indexdb,indexdb,development,,,"database, db",,,,,,
indigena,indigena,,,,,,,,,,
innaco,innaco,handshake,,,,private,,,,,
inoke,inoke,&c,,,,,,,,,
insipid,insipid,dictionary,,,"explore, explorer, travel, traveler",,,,,,
instr,instr,,,,,,,,,,
intermix,intermix,&c,,,,,,,,,
internetcity,internetcity,mmbn,,,,private,,,,,
inventio,inventio,,,,,,,,,,
iotae,iotae,&c,,,,,,,,,
iotas,iotas,&c,,,,,,,,,
irongeek,irongeek,&c,,,,,,,,,
isolay,isolay,deus ex,,,,,,,,,
iylazia,iylazia,,,,,private,,,,,
jamaicans,jamaicans,culture,,,,,,,,,
jeer,jeer,culture,,,,,,,,,
jinzu,jinzu,&c,,,,,,,,,
jism,jism,mature,,,"adult, adults, mature, xxx",,,,,,
kajillion,kajillion,culture,,,,,,,,,
kebu,kebu,&c,,,,,,,,,
kera,kera,,,,,,,,,,
kitchencollective,kitchencollective,music,,,,private,,,,,
kotei,kotei,&c,,,,,,,,,
krispies,krispies,food,,,,,,,,,
ksar,ksar,&c,,,,,,,,,
kusanagi,kusanagi,gits,,,,,,,,,
kyunstep,kyunstep,japan,,,,,,,,,
l0pht,l0pht,,lopht,Y,,,,,,,
labium,labium,,,,,,,,,,
labourers,labourers,&c,,,,,,,,,
laet,laet,&c,,,,,,,,,
lakeisha,lakeisha,,,,,private,,,,,
latine,latine,,,,,,,,,,
laurentia,laurentia,,,,,,,,,,
laurussia,laurussia,,,,,,,,,,
lavandula,lavandula,nature,,,,,,,,,
lawndale,lawndale,daria,,,,,,,,,
lexicographer,lexicographer,write,,,,,,,,,
lifelog,lifelog,write,,,,,,,,,
llap,llap,&c,,,,,,,,,
lopht,lopht,,l0pht,Y,,,,,,,
lovefilm,lovefilm,love,,,,,,,,,
lovelounge,lovelounge,love,,,,,,,,,
lunchclub,lunchclub,food,,,,,,,,,
luvsic,luvsic,love,,,,,,,,,
magnetlinks,magnetlinks,,,,,,,,,,
mainland,mainland,,,,,,,,,,
makano,makano,,,,,,,,,,
makono,makono,,,,,,,,,,
malmaison,malmaison,&c,,,,,,,,,
manderley,manderley,deus ex,,,,,,,,,
margoulis,margoulis,deus ex,,,,,,,,,
mariquita,mariquita,nature,,,,,,,,,
mayl,mayl,mmbn,,,,,,,,,
mazo,mazo,&c,,,,,,,,,
megamix,megamix,music,,,,,,,,,
mekas,mekas,,,,,,,,,,
melee,melee,,,,,,,,,,
merckel,merckel,decentralize,,,,,,,,,
meshname,meshname,,,,,,,,,,
mftll,mftll,music,,,,private,,,,,
microcode,microcode,,,,,,,,,,
microcodes,microcodes,,,,,,,,,,
miladi,miladi,,,,,,,,,,
mindsight,mindsight,&c,,,,,,,,,
mindstorm,mindstorm,write,mindstorms,,,,,,,,
mindstorms,mindstorms,write,mindstorm,,,,,,,,
minimax,minimax,,,,"brilliant, minimax, org, wiki",,,,,,
monotype,monotype,write,,,,,,,,,
mtpc,mtpc,&c,,,,,,,,,
multiplication,multiplication,education,,,,,,,,,
muramasa,muramasa,japan,,,"sword, yoshi, yoshimitsu",,,,,,
murse,murse,fashion,,,,,,,,,
museo,museo,&c,,,,,,,,,
nameserv,nameserv,tech,"nameserve, namser",,,,,,,,
namser,namser,,"nameserv, nameserve",,,,,,,,
nauticus,nauticus,science,,,,,,,,,
navel,navel,,,,,,,,,,
nekomata,nekomata,japan,,,,,,,,,
neocolony,neocolony,,,,,,,,,,
neoscan,neoscan,&c,,,,,,,,,
nepalese,nepalese,culture,,,,,,,,,
nerdlife,nerdlife,development,,,,,,,,,
netcity,netcity,mmbn,,,,,,,,,
netnavi,netnavi,mmbn,,,,,,,,,
netop,netop,,,,,,,,,,
netopwibby,netopwibby,,,,,private,,,,,
netsprint,netsprint,&c,,,,,,,,,
neuenet,neuenet,handshake,,,,private,,,,,
neuenetwork,neuenetwork,handshake,,,,private,,,,,
neuenic,neuenic,,,,,,,,,,
neuralweave,neuralweave,tech,,,,,,,,,
nevercease,nevercease,,,,,private,,,,,
newportcity,newportcity,gits,,,,,,,,,
newrave,newrave,music,,,,,,,,,
newsman,newsman,"media, generic",,,,,,,,,
newswoman,newswoman,,,,,,,,,,
nightmarket,nightmarket,&c,,,,,,,,,
nihilio,nihilio,,,,,,,,,,
nihilo,nihilo,,,,,,,,,,
nokameizu,nokameizu,,,,,‚Äî,,,,,
nonesuch,nonesuch,,,,,,,,,,
nonfat,nonfat,,,,,,,,,,
notos,notos,write,,,,,,,,,
noup,noup,,,,,,,,,,
novalis,novalis,&c,,,,,,,,,
nstld,nstld,,,,,,,,,,
nuba,nuba,culture,,,,,,,,,
office24,office24,business,,,,,,,,,
operant,operant,,,,,,,,,,
oside,oside,&c,,,,,,,,,
ostra,ostra,&c,,,,,,,,,
outscape,outscape,&c,,,,,,,,,
ovale,ovale,&c,,,,,,,,,
owal,owal,,,,,,,,,,
pacifica,pacifica,,,,,,,,,,
palisade,palisade,deus ex,,,"car, cash, finance, money, sedan, stake, suv, vehicle, wealth",,,,,,
paragium,paragium,politics,,,,,,,,,
parsehub,parsehub,tech,,,,,,,,,
paulwebb,paulwebb,,,,,private,,,,,
pencildick,pencildick,mature,,,,,,,,,
peps,peps,deus ex,,,,,,,,,
perelli,perelli,&c,,,"fast, lap, race, racing, tire, tires, zoom",,,,,,
perished,perished,&c,,,,,,,,,
personalapi,personalapi,tech,,,,private,,,,,
personalos,personalos,tech,,,,private,,,,,
perspires,perspires,,,,,,,,,,
pexu,pexu,,,,,,,,,,
phlegm,phlegm,dictionary,,,,,,,,,
photachyon,photachyon,science,,,,,,,,,
photogs,photogs,photography,,,,,,,,,
phreaks,phreaks,,,,,,,,,,
phryne,phryne,dictionary,,,,,,,,,
picus,picus,deus ex,,,,,,,,,
picuscommunications,picuscommunications,deus ex,,,,,,,,,
picustv,picustv,deus ex,,,,,,,,,
pidge,pidge,,,,,private,,,,,
piori,piori,science,,,,,,,,,
pirandello,pirandello,&c,,,,,,,,,
planetesimals,planetesimals,,,,,,,,,,
podspot,podspot,media,,,,,,,,,
polycarp,polycarp,&c,,,,,,,,,
polyquine,polyquine,&c,,,,,,,,,
porteno,porteno,&c,,,,,,,,,
posthumous,posthumous,,,,,,,,,,
prefront,prefront,science,,,,,,,,,
prefrontal,prefrontal,science,,,,,,,,,
prodding,prodding,&c,,,,,,,,,
programtek,programtek,&c,,,,,,,,,
prolege,prolege,,,,,,,,,,
proletarian,proletarian,dictionary,,,,,,,,,
prosthetics,prosthetics,deus ex,,,,,,,,,
prothetic,prothetic,&c,,,,,,,,,
protohub,protohub,"design, development, tech",,,,,,,,,
pubic,pubic,mature,,,,,,,,,
puddin,puddin,,,,,,,,,,
punycoder,punycoder,tech,,,,,,,,,
purityfirst,purityfirst,deus ex,,,,,,,,,
pursuant,pursuant,dictionary,,,,,,,,,
pussywagon,pussywagon,,,,,,,,,,
qras,qras,&c,,,,,,,,,
quadplex,quadplex,dictionary,,,,,,,,,
queree,queree,tech,,,,private,,,,,
quiescence,quiescence,dictionary,,,,,,,,,
ravenous,ravenous,&c,,,,,,,,,
rawcode,rawcode,"development, tech",,,,,,,,,
rebreather,rebreather,deus ex,,,,,,,,,
residuum,residuum,,,,,,,,,,
resistor,resistor,tech,,,,,,,,,
revoir,revoir,,,,,,,,,,
revu,revu,&c,,,,,,,,,
ridgewood,ridgewood,cyberpunk,,,,,,,,,
risc,risc,tech,,,,,,,,,
roosh,roosh,&c,,,,,,,,,
roshi,roshi,&c,,,master,,,,,,
roster,roster,"media, music, sports",,,"baseball, basketball, concert, fantasy, festival, football, hockey, league, music, rugby, season, sports",,,,,,
route69,route69,&c,,,,,,,,,
runi,runi,&c,,,,,,,,,
ruo,ruo,&c,,,"growth, index",,,,,,
sailorwave,sailorwave,&c,,,,,,,,,
saltswap,saltswap,&c,,,,,,,,,
sarif,sarif,deus ex,,,"industries, robotics",,,,,,
satoi,satoi,&c,,,,,,,,,
scaly,scaly,&c,,,,,,,,,
sceptre,sceptre,dictionary,,,,,,,,,
scorch,scorch,dictionary,,,,,,,,,
scrabbler,scrabbler,&c,,,,,,,,,
xn--screvn-fgb,screv≈çn,&c,,,,,,,,,
scrobble,scrobble,music,"scrobbled, scrobbler, scrobbles",,,,,,,,
scrobbled,scrobbled,music,"scrobble, scrobbler, scrobbles",,,,,,,,
scrobbler,scrobbler,music,"scrobble, scrobbled, scrobbles",,,,,,,,
scrobbles,scrobbles,music,"scrobble, scrobbled, scrobbler",,,,,,,,
scruples,scruples,&c,,,,,,,,,
scrupulous,scrupulous,&c,,,,,,,,,
scsi,scsi,tech,,,,,,,,,
secondbrain,secondbrain,"tech, write",,,,,,,,,
seganet,seganet,"game, tech",,,,,,,,,
semblance,semblance,dictionary,,,,,,,,,
settai,settai,&c,,,,,,,,,
sevchenko,sevchenko,deus ex,,,,,,,,,
sextus,sextus,&c,,,,,,,,,
shakenet,shakenet,,,,,,,,,,
shantelle,shantelle,,,,,private,,,,,
sheeple,sheeple,dictionary,,,,,,,,,
shinra,shinra,ff,,,,,,,,,
shoptld,shoptld,handshake,,,,,,,,,
shorthand,shorthand,write,,,,,,,,,
shuttlecraft,shuttlecraft,cosmic,,,,,,,,,
sicht,sicht,health,,,,,"Scottish variant of ""sight""",,,,
sickomode,sickomode,&c,,,,,,,,,
sicksadworld,sicksadworld,daria,,,,,,,,,
skincity,skincity,&c,,,,,,,,,
skyridge,skyridge,&c,,,,,,,,,
skyvory,skyvory,&c,,,,,,,,,
slake,slake,dictionary,,,,,,,,,
sm64,sm64,game,,,,,,,,,
smartr,smartr,business,,,,,,,,,
snowscape,snowscape,,,,,,,,,,
socii,socii,tech,,,,private,,,,,
softline,softline,write,,,,,,,,,
spaceandtime,spaceandtime,cosmic,,,,,,,,,
spacekid,spacekid,,,,,,,,,,
spicylemon,spicylemon,,,,,,,,,,
spicylemons,spicylemons,,,,,,,,,,
spiky,spiky,,,,,,,,,,
spiny,spiny,&c,,,,,,,,,
spitter,spitter,&c,,,,,,,,,
starbase,starbase,cosmic,,,,,,,,,
starmada,starmada,cosmic,,,,,,,,,
starspace,starspace,,,,,,,,,,
stickynote,stickynote,business,,,,,,,,,
stockia,stockia,,,,,,,,,,
stockish,stockish,,,,,,,,,,
strace,strace,,,,,,,,,,
structs,structs,development,,,,,,,,,
stylefile,stylefile,"design, fashion",,,,,,,,,
subsection,subsection,generic,,,,,,,,,
sugoidekai,sugoidekai,japan,,,,,,,,,
sunkissed,sunkissed,,,,,,,,,,
superevilmegacorp,superevilmegacorp,business,,,,,,,,,
supers,supers,&c,,,,,,,,,
swathes,swathes,&c,,,,,,,,,
sweetleaf,sweetleaf,"food, nature",,,,,,,,,
swiftui,swiftui,development,,,,,,,,,
synthote,synthote,writing,,,,,,,,,
system1,system1,tech,,,,private,,,,,
xn--system-ula,system¬π,tech,,,,private,,,,,
systemctl,systemctl,development,,,,,,,,,
tachyon,tachyon,science,,,,,,,,,
tadalist,tadalist,&c,,,,,,,,,
taiyong,taiyong,deus ex,,,,,,,,,
taiyongmedical,taiyongmedical,deus ex,,,,,,,,,
tasky,tasky,,,,,,,,,,
tdml,tdml,development,,,,private,,,,,
teatimes,teatimes,&c,,,,,,,,,
teau,teau,&c,,,,,,,,,
technica,technica,tech,,,,,,,,,
telecity,telecity,tech,,,,,,,,,
telephoto,telephoto,photography,,,,,,,,,
tetraverse,tetraverse,,,,,,,,,,
tf-29,tf-29,deus ex,,,,,,,,,
tf29,tf29,deus ex,,,,,,,,,
themis,themis,,,,,,,,,,
thrust,thrust,generic,,,"best, bottom, deep, fast, hard, hi, high, lo, low, shallow, slow, top, worst",,,,,,
timeslip,timeslip,cosmic,,,,,,,,,
tinywin,tinywin,,,,,private,,,,,
tinywins,tinywins,,,,,private,,,,,
tittyfucks,tittyfucks,mature,,,,,,,,,
toonsquad,toonsquad,design,,,,,,,,,
truculent,truculent,dictionary,,,,,,,,,
trueblue,trueblue,design,,,,,,,,,
u20dd,u20dd,"development,  tech",,,,,,,,,
uberant,uberant,&c,,,,,,,,,
unamo,unamo,nature,,,,,,,,,
unatco,unatco,deus ex,,,,,,,,,
unfakku,unfakku,,,,,‚Äî,,,,,
unfolds,unfolds,&c,,,,,,,,,
unicum,unicum,dictionary,,,,,,,,,
unilateral,unilateral,&c,,,,,,,,,
unknow,unknow,&c,,,,,,,,,
unobtainium,unobtainium,science,,,,,,,,,
unsatisfied,unsatisfied,&c,,,,,,,,,
untangle,untangle,&c,,,,,,,,,
upstand,upstand,dictionary,,,,,,,,,
uval,uval,&c,,,,,,,,,
uxcam,uxcam,&c,,,,,,,,,
uzy,uzy,&c,,,,,,,,,
varenoa,varenoa,&c,,,,,,,,,
vatikan,vatikan,,,,,,,,,,
vaudeville,vaudeville,media,,,,,,,,,
vellum,vellum,write,,,,,,,,,
venturous,venturous,&c,,,,,,,,,
venturus,venturus,,,,,,,,,,
versalife,versalife,,,,,,,,,,
vibra,vibra,&c,,,,,,,,,
voit,voit,&c,,,,,,,,,
voru,voru,&c,,,,,,,,,
xn--vru-ona,v√µru,&c,,,,,,,,,
xn--s31h,ùí≤,&c,,,,,,,,,
wagwan,wagwan,culture,,,"culture, greet, greeting, grime, hiphop, jamaica, music",,,,,,
waists,waists,&c,,,,,,,,,
wassupdoe,wassupdoe,culture,,,,,,,,,
watchful,watchful,,,,,,,,,,
wayfinder,wayfinder,&c,,,,,,,,,
wazu,wazu,,,,,,,,,,
webby,webby,tech,,,"award, awards",,,,,,
weedcoin,weedcoin,"decentralize, finance",,,,,,,,,
weka,weka,,,,,,,,,,
weom,weom,"cosmic, fashion, media",,,,private,,,,,
xn--wem-tna,we√∂m,,,,,private,,,,,
whitesail,whitesail,&c,,,,,,,,,
wibbly,wibbly,&c,,,,,,,,,
wiesormi,wiesormi,,,,,private,,,,,
wiggly,wiggly,&c,,,,,,,,,
wordline,wordline,write,,,,,,,,,
wrest,wrest,&c,,,,,,,,,
xena,xena,,,,,,,,,,
xpkg,xpkg,,,,,,,,,,
zacate,zacate,,,,,,,,,,
zakkyo,zakkyo,,,,,,,,,,
zefo,zefo,&c,,,,,,,,,
zelt,zelt,,,,,,,,,,
zemora,zemora,&c,,,,,,,,,
zenbase,zenbase,health,,,,,,,,,
zenful,zenful,&c,,,,,,,,,
zenid,zenid,,,,,,,,,,
zenny,zenny,mmbn,,,,private,,,,,
zeux,zeux,&c,,,"crypto, cryptocurrency, finance",,,,,,
zwl,zwl,&c,,,,,,,,,
xn--jxalpdlp,Œ¥ŒøŒ∫ŒπŒºŒÆ,&c,,,,,"Greek for ""test""",,,,
xn--code-knd,Œºcode,,,,,,,,,,
xn--rhj,‚≤ó,&c,,,,,"not the real lambda‚Ä¶that would be ""xn‚Äîwxa""",,,,
xn--80aejmyt,–∞–≤–µ–Ω–∏—Ä,&c,,,,,"Bulgarian for ""avenir""",,,,
xn--80akhbyknj4f,–∏—Å–ø—ã—Ç–∞–Ω–∏–µ,&c,,,,,"Russian for ""test""",,,,
xn--e1agdkdhnys,–Ω–µ—Ä—É—Ö–æ–º–∏–π,,,,,,"Ukrainian for ""still""",,,,
xn--deba0ad,◊ò◊¢◊°◊ò,&c,,,,,"Yiddish for ""test""",,,,
xn--hgbk6aj7f53bba,ÿ¢ÿ≤ŸÖÿß€åÿ¥€å,&c,,,,,"Persian for ""test""",,,,
xn--hgbk4agb7ipa,ÿ¢ÿ≥ÿßŸÜÿ≥Ÿàÿ±,,,,,,"Persian for ""elevator""",,,,
xn--hgbky0gm,ÿ¢ŸÖÿßÿØŸá,,,,,,"Persian for ""ready""",,,,
xn--kgbechtv,ÿ•ÿÆÿ™ÿ®ÿßÿ±,&c,,,,,"Arabic for ""test""",,,,
xn--mgbg5f,ÿßÿ™ŸÖ,,,,,,"Persian for ""atom""",,,,
xn--mgbis,ÿßÿ´ÿ±,,,,,,"Persian for ""effect""",,,,
xn--mgbax3gk,ÿßÿØÿßŸÖŸá,,,,,,"Persian for ""continuation""",,,,
xn--mgbax4b,ÿßÿØÿπÿß,,,,,,"Persian for ""claim""",,,,
xn--lgbba3b8g,ÿßÿ±ÿßÿ¶Ÿá,,,,,,"Persian for ""presentation""",,,,
xn--mgbqf59b,ÿßÿ±ÿØ⁄©,,,,,,"Persian for ""duck""",,,,
xn--mgbaxh6ie53e,ÿßÿ±ÿØŸà⁄ØÿßŸá,,,,,,"Persian for ""camp""",,,,
xn--mgbaiqx1jm,ÿßÿ≥ÿ™ÿÆŸàÿßŸÜ,,,,,,"Persian for ""bone""",,,,
xn--mgbmr2eq,ÿßÿ≥ŸÑÿ≠Ÿá,,,,,,"Persian for ""gun""",,,,
xn--mgbach3c1g,ÿßÿ¥ÿ™ÿ®ÿßŸá,,,,,,"Persian for ""mistake""",,,,
xn--mgby9cvsxc5j,ÿß⁄©ÿ≥€å⁄òŸÜ,,,,,,"Persian for ""oxygen""",,,,
xn--mgbmr1ef5a,ÿßŸÑŸÖÿ≥Ÿäÿ≠,,,,,,"Arabic for ""Jesus""or ""The messiah""",,,,
xn--mgba7fdfi,ÿßŸÑŸÖŸÉÿßŸÜ,,,,,,"Arabic for ""place""",,,,
xn--mgbkp6f56a,ÿßŸÜÿ¨€åÿ±,,,,,,"Persian for ""figs""",,,,
xn--mgba9axec81f,ÿßŸÜÿ≥ÿßŸÜ€å,,,,,,"Persian for ""human""",,,,
xn--mgbai9a4g21aig,ÿß€åÿ≥ÿ™⁄ØÿßŸá,,,,,,"Persian for ""station""",,,,
xn--mgbbsn,ÿ®ÿÆÿßÿ±,,,,,,"Persian for ""steam""",,,,
xn--ngbof3g,ÿ®ÿ±ÿØŸá,,,,,,"Persian for ""slave""",,,,
xn--ngbs5c,ÿ®ÿ±ŸÇ,,,,,,"Persian for ""electricity""",,,,
xn--ngbof8fg,ÿ®ÿ±ŸÜÿØŸá,,,,,,"Persian for ""winner""",,,,
xn--ngb0dm20b,ÿ®ŸÑŸà⁄©,,,,,,"Persian for ""block""",,,,
xn--ngb8dqt,ÿ®Ÿà€å,,,,,,"Persian for ""smell""",,,,
xn--mgbabb5mz5a,ÿ®€åÿßÿ®ÿßŸÜ,,,,,,"Persian for ""desert""",,,,
xn--ngb4dvub,ÿ®€åŸÜ€å,,,,,,"Persian for ""nose""",,,,
xn--mgbce1a89a,Ÿæÿ±ÿ™ÿßÿ®,,,,,,"Persian for ""throwing""",,,,
xn--pgbr8t,Ÿæÿ≥ÿ™,,,,,,"Persian for ""post""",,,,
xn--ugbh1dh2y,Ÿæÿ≥ŸàŸÜÿØ,,,,,,"Persian for ""suffix""",,,,
xn--ngb3de1t,ŸæŸÜÿ®Ÿá,,,,,,"Persian for ""cotton""",,,,
xn--ihbb8n,ŸæŸáŸÜ,,,,,,"Persian for ""broad""",,,,
xn--pgbr5db3y,ŸæŸàÿ≥ÿ™Ÿá,,,,,,"Persian for ""shell""",,,,
xn--mgbqn6ef14ags,Ÿæ€åÿ¥ŸÜŸáÿßÿØ,,,,,,"Persian for ""proposal""",,,,
xn--mgbfnl98e,ÿ™ÿßÿ±€åÿÆ,,,,,,"Persian for ""date""",,,,
xn--mgbfz8f,ÿ™ÿßÿ≤Ÿá,,,,,,"Persian for ""new""",,,,
xn--ngbda1a09e,ÿ™ÿ±ÿ™€åÿ®,,,,,,"Persian for ""arrangement""",,,,
xn--pgbog,ÿ™ÿ±ÿ≥,,,,,,"Persian for ""fear""",,,,
xn--pgboi28b,ÿ™ÿ¥⁄©ÿ±,,,,,,"Persian for ""thank""",,,,
xn--pgb4a0b50ba,ÿ™ÿπ€å€åŸÜ,,,,,,"Persian for ""determination""",,,,
xn--pgbo1cf30e,ÿ™ŸÅÿ±€åŸÇ,,,,,,"Persian for ""submission""",,,,
xn--mgbfvb11d,ÿ™⁄©ÿ±ÿßÿ±,,,,,,"Persian for ""repetition""",,,,
xn--rgbk4d,ÿ¨ÿ±ŸÖ,,,,,,"Persian for ""mass""",,,,
xn--pgbdb0a1i,ÿ¨ÿ≥ÿ™ÿ¨Ÿà,,,,,,"Persian for ""search""",,,,
xn--rgba5fc,ÿ¨Ÿàÿ¨Ÿá,,,,,,"Persian for ""chicken""",,,,
xn--mgb8owa,⁄ÜÿßŸæ,,,,,,"Persian for ""print""",,,,
xn--ngbr8wvj,⁄Üÿ±ÿ®€å,,,,,,"Persian for ""fat""",,,,
xn--sgb6bfn,ÿ≠ŸÑŸÇŸá,,,,,,"Persian for ""ring""",,,,
xn--mgbgk3a30e,ÿÆÿßÿµ€åÿ™,,,,,,"Persian for ""properties""",,,,
xn--mgbgkoi12eyh,ÿÆÿß⁄©ÿ≥ÿ™ÿ±€å,,,,,,"Persian for ""gray""",,,,
xn--mgbndhc14gda,ÿÆÿ±€åÿØÿßÿ±€å,,,,,,"Persian for ""bought""",,,,
xn--tgbm5c,ÿÆÿ¥ŸÖ,,,,,,"Persian for ""anger""",,,,
xn--mgbnk1gd,ÿÆŸàÿßŸáÿ±,,,,,,"Persian for ""sister""",,,,
xn--mgbnj5gzw,ÿÆŸàÿ±ÿß⁄©,,,,,,"Persian for ""food""",,,,
xn--mgblcy6fgq,ÿÆŸàÿ¥ÿ≠ÿßŸÑŸÖ,,,,,,"Persian for ""i am glad""",,,,
xn--mgbp1eef,ÿØÿßŸÖŸÜŸá,,,,,,"Persian for ""domain""",,,,
xn--rgbfg3g,ÿØÿ±ÿ¨Ÿá,,,,,,"Persian for ""degree""",,,,
xn--tgbbgna,ÿØÿ±ÿÆÿ¥ÿ¥,,,,,,"Persian for ""shine""",,,,
xn--ugbe0e,ÿØÿ±Ÿá,,,,,,"Persian for ""valley""",,,,
xn--ugbe1a7c,ÿØÿ±Ÿàÿ∫,,,,,,"Persian for ""lie""",,,,
xn--ugbk5ce,ÿØÿ¥ŸÖŸÜ,,,,,,"Persian for ""enemy""",,,,
xn--mgbawa8ich,ÿØŸÜÿØÿßŸÜŸáÿß,,,,,,"Persian for ""teeth""",,,,
xn--ugbe0ec,ÿØŸàÿ±Ÿá,,,,,,"Persian for ""period""",,,,
xn--mgba2a0fef84ga,ÿ±ÿßŸáŸÜŸÖÿß€å€å,,,,,,"Persian for ""tips""",,,,
xn--ugbdg1fw8a,ÿ±ÿ≥€åÿØŸÜ,,,,,,"Persian for ""achieve""",,,,
xn--ngbrb0g16a,ÿ±Ÿáÿ®ÿ±€å,,,,,,"Persian for ""leadership""",,,,
xn--mgbt3e80a,ÿ±Ÿà€åÿß,,,,,,"Persian for ""dream""",,,,
xn--mgbpbf9i77a,ÿ±Ÿà€åÿØÿßÿØ,,,,,,"Persian for ""event""",,,,
xn--ugbdc,ÿ≤ÿ±ÿØ,,,,,,"Persian for ""yellow""",,,,
xn--pgbr2dh,ÿ≥ÿ™ŸàŸÜ,,,,,,"Persian for ""column""",,,,
xn--mgbnjg0hc25g,ÿ≥ÿÆŸÜÿ±ÿßŸÜ€å,,,,,,"Persian for ""lecture""",,,,
xn--mgbb0agb,ÿ≥ÿ±ÿ®ÿßÿ≤,,,,,,"Persian for ""soldier""",,,,
xn--mgbue6fw6a,ÿ≥€åÿßÿ±Ÿá,,,,,,"Persian for ""planet""",,,,
xn--mgboq2f,ÿ¥ÿßÿÆŸá,,,,,,"Persian for ""branch""",,,,
xn--mgbz7ce,ÿ¥ÿßŸÜŸá,,,,,,"Persian for ""shoulder""",,,,
xn--pgbhrf96e,ÿ¥ÿÆÿµ€åÿ™,,,,,,"Persian for ""character""",,,,
xn--mgbtio85e,ÿ¥ÿ±ÿß€åÿ∑,,,,,,"Persian for ""conditions""",,,,
xn--mgbz6c,ÿ¥ŸÜÿß,,,,,,"Persian for ""swim""",,,,
xn--ugbl0cg68d,ÿµŸÜÿØŸÑ€å,,,,,,"Persian for ""chair""",,,,
xn--mgbgk5a7e,ÿ∂ÿÆÿßŸÖÿ™,,,,,,"Persian for ""thickness""",,,,
xn--mgbc7b4c,ÿ∑ŸÜÿßÿ®,,,,,,"Persian for ""rope""",,,,
xn--wgbkh2d,ÿπÿ±ÿ∂Ÿá,,,,,,"Persian for ""supply""",,,,
xn--5gby28a,ÿ∫ŸÜ€å,,,,,,"Persian for ""rich""",,,,
xn--wgb5av34c,ŸÅŸàÿ±€å,,,,,,"Persian for ""instantaneoous""",,,,
xn--mgbq6cmt,ŸÅŸàŸÑÿßÿØ,,,,,,"Persian for ""steel""",,,,
xn--mgbu3cwa,ŸÇÿßÿ±Ÿá,,,,,,"Persian for ""continent""",,,,
xn--ugb1bm,ŸÇŸÜÿØ,,,,,,"Persian for ""sugar""",,,,
xn--mgba3ajd2i34a,⁄©ÿßÿ±ÿ¥ŸÜÿßÿ≥,,,,,,"Persian for ""expert""",,,,
xn--mgb4ddh69b0g,⁄©ÿßŸÖ€åŸàŸÜ,,,,,,"Persian for ""truck""",,,,
xn--pgb7w,⁄©ÿ™,,,,,,"Persian for ""coat""",,,,
xn--mgbajz0j1y,⁄©ÿ±ÿßŸàÿßÿ™,,,,,,"Persian for ""tie""",,,,
xn--zgba36a,⁄©ÿ¥ÿ¥,,,,,,"Persian for ""attraction""",,,,
xn--zgbzz0a,⁄©ŸÅÿ¥,,,,,,"Persian for ""shoe""",,,,
xn--ghb5r,⁄©ŸÑ,,,,,,"Persian for ""total""",,,,
xn--mgb1dk30b,⁄©ŸÑÿßŸá,,,,,,"Persian for ""hat""",,,,
xn--mgbgu4gww,⁄©Ÿàÿßÿ±ÿ™,,,,,,"Persian for ""quartet""",,,,
xn--ugbd8dvw,⁄Øÿ±ÿØŸÜ,,,,,,"Persian for ""neck""",,,,
xn--mgbfuc1f57a,⁄Øÿ±ŸÅÿ™ÿßÿ±,,,,,,"Persian for ""caught""",,,,
xn--pgboeg52d,⁄Øÿ≥ÿ™ÿ±ÿ¥,,,,,,"Persian for ""expansion""",,,,
xn--zgb2bb52b,⁄ØŸàÿ¥Ÿá,,,,,,"Persian for ""corner""",,,,
xn--mgb5a4ak,ŸÑÿ∑ŸÅÿß,,,,,,"Persian for ""please""",,,,
xn--xgbeq3b,ŸÑÿ∫ÿ≤ÿ¥,,,,,,"Persian for ""slip""",,,,
xn--ghbajc,ŸÑŸàŸÑŸá,,,,,,"Persian for ""pipe""",,,,
xn--mgb0b8a83b,ŸÖÿß€åÿπ,,,,,,"Persian for ""liquid""",,,,
xn--mgbb2ae5gqa,ŸÖÿ®ÿßÿ±ÿ≤Ÿá,,,,,,"Persian for ""fight""",,,,
xn--pgbk6dcq,ŸÖÿ™ŸàŸÑÿØ,,,,,,"Persian for ""born""",,,,
xn--pgbj9d,ŸÖÿØÿ™,,,,,,"Persian for ""term""",,,,
xn--ugbe2dg,ŸÖÿØÿ±ŸÜ,,,,,,"Persian for ""modern""",,,,
xn--ugbd3dk,ŸÖÿ±ÿØŸá,,,,,,"Persian for ""dead""",,,,
xn--mgbc8a2dn,ŸÖÿ¥ÿßÿ®Ÿá,,,,,,"Persian for ""similar""",,,,
xn--mgb9a8abcn,ŸÖÿπÿßŸÖŸÑŸá,,,,,,"Persian for ""transaction""",,,,
xn--ugbt9ag,ŸÖÿπÿØŸÜ,,,,,,"Persian for ""mine""",,,,
xn--wgbpznr,ŸÖÿπÿ±ŸàŸÅ,,,,,,"Persian for ""famous""",,,,
xn--mgbylk8ch45g,ŸÖÿ∫ŸÜÿßÿ∑€åÿ≥,,,,,,"Persian for ""magnetism""",,,,
xn--mgbgu2fk,ŸÖŸáÿßÿ±ÿ™,,,,,,"Persian for ""skill""",,,,
xn--pgb9bdkp80f,ŸÖŸàŸÅŸÇ€åÿ™,,,,,,"Persian for ""success""",,,,
xn--ghbabmb59c,ŸÖŸàŸÑ⁄©ŸàŸÑ,,,,,,"Persian for ""molecule""",,,,
xn--hhbec14c,ŸÖ€åŸàŸá,,,,,,"Persian for ""fruit""",,,,
xn--mgbw2duv,ŸÜÿßÿ≤⁄©,,,,,,"Persian for ""thin""",,,,
xn--mgb5db,ŸÜÿßŸÜ,,,,,,"Persian for ""bread""",,,,
xn--ugbd6dg,ŸÜÿ±ÿØŸá,,,,,,"Persian for ""fence""",,,,
xn--2gbvlg,ŸÜŸÇÿ∑Ÿá,,,,,,"Persian for ""point""",,,,
xn--hhbb21a,ŸÜŸÖ⁄©,,,,,,"Persian for ""salt""",,,,
xn--mgbph1fen,ŸÜŸÖŸàÿØÿßÿ±,,,,,,"Persian for ""chart""",,,,
xn--mgbw2d62a,ŸÜ€åÿßÿ≤,,,,,,"Persian for ""need""",,,,
xn--wgbd7ch,ŸáŸÖÿ≥ÿ±,,,,,,"Persian for ""spouse""",,,,
xn--21b0dsbk,‡§ñ‡•Å‡§≤‡§æ,&c,,,,,"Hindi for ""open""",,,,
xn--h2bwd9c6b,‡§§‡•à‡§Ø‡§æ‡§∞,&c,,,,,"Hindi for ""ready""",,,,
xn--h2bpk3db,‡§¨‡§§‡§æ‡§Ø‡§æ,&c,,,,,"Hindi for ""told""",,,,
xn--81b5at4ch,‡§¨‡§ø‡§ú‡§≤‡•Ä,&c,,,,,"Hindi for ""lightning""",,,,
xn--71b1bn0d,‡§Æ‡§õ‡§≤‡•Ä,&c,,,,,"Hindi for ""fish""",,,,
xn--h2b7aj1b6c,‡§µ‡§∏‡•ç‡§§‡•Å,&c,,,,,"Hindi for ""thing""",,,,
xn--h2bl5bgy2g,‡§∏‡§™‡•ç‡§§‡§æ‡§π,&c,,,,,"Hindi for ""week""",,,,
xn--hlcj6aya9esc7a,‡Æ™‡Æ∞‡Æø‡Æü‡Øç‡Æö‡Øà,&c,,,,,"Tamil for ""test""",,,,
xn--o3ct6cucs5ac,‡πÑ‡∏°‡πâ‡πÄ‡∏ó‡πâ‡∏≤,,,,,,"Thai for ""staff""",,,,
xn--qz7d,ìÖ≤,&c,,,,,,,,,
xn--sj8d,ìêç,&c,,,,,,,,,
xn--pqr,Âêò,&c,,,,,"Chinese for ""the first""",,,,
xn--qrs,Â§Ö,&c,,,,,"Chinese for ""the twist""",,,,
xn--git,Â≤â,,,,,,,,,,
xn--tuv,Êüå,&c,,,,,"Chinese for ""chariot""",,,,
xn--klm,„≠∑,&c,,,,,"Chinese for ""hawk""",,,,
xn--g6w251d,Ê∏¨Ë©¶,&c,,,,,"Chinese for ""test""",,,,
xn--97y,Áüæ,&c,,,,,,,,,
xn--1j1a,Ëåâ,&c,,,,,,,,,
xn--nop,‰®æ,&c,,,,,"Chinese for ""what is it?""",,,,
xn--o60c,,,,,,,,,,,
xn--olj,,,,,,,,,,,
xn--r20c,,,,,,,,,,,
xn--s20c,,,,,,,,,,,
xn--u20c,,,,,,,,,,,
xn--v20c,,,,,,,,,,,
xn--w20c,,,,,,,,,,,
xn--x20c,,,,,,,,,,,
xn--y20c,,,,,,,,,,,
xn--z20c,,,,,,,,,,,
